id,score
8e8290c270ec4bc3448dd5edd35c6f059b42d38f9ddd6fda5578f0e340908fa4,0.006240906326124518
f36c5fa5c0e7afccf733a4d74c7e06ffe43cc8fd24eda7c335237327bb02e02b,0.016768986462080998
ee85f808b1fd49eaba308527e1686c509dc8e3e50574888e0f5f8bc21733711c,0.012019773052076146
0df905aa187938d56a9b0816b13f54ac1f87d658a33cd06505b738c66b54fd3f,0.0029727348590451656
15f532f979c4f092bbbe28e5409c8c3b8454ece8f1ab3ee00755b4949ef75c03,0.002560576278831906
614728f2aba299d20ddffca7e1ebc38ae8f239663562a9a3602e1e2c373f7299,0.0060224118964175375
3dc22d969895bc4afdaa5266d1586ae1a360adfcc638b5fb1e2f242bbbc869eb,0.004364841717686525
b6cba0173d6a894f443578b5d82c00444dfe24c5e1705d4b2b835062eeb61d7a,0.0028358399002260085
84d010a48c747947588589473e2ebdc59db3d348849c5b67759dfbcd1d92f35e,0.008523573392703095
bc00fec7ff8b3e4f8bd826048da109e7fe40fcc604ba28ce78576e05a4e67fba,0.004579932551846543
85426887c8a4f4fd881ae1e79654940e35c68bfd681a5eaac4787f0f82483780,0.002913487674020864
ee84ac886d80e779aeb5c4af65dbb8e087014d7c98b7973bd9d91d8e2467a341,0.010152138698765455
4cbb83002d62e3257d49d3742b0a27eb677ae1c464f69e4b19fe73d095ab8eae,0.0036161135329303945
4e6ba7f2c84040ec8afde9f42c5bee3d53fd24e3df292980a6475fc06138d559,0.0042508313052826725
032045573490536147dc7a4d7863407c3d2dc4e47d8ce58e3b07baef8095d2f3,0.006675262870750152
187cbf2082730f6466823adbbbfe8b8e20c6fa6bcf67fe434794804bf9dfe921,0.0025297233461473254
596c89fe956456a0d990099c35fbca2bba67c32689f0fe63d04baf307b1ce702,0.005488381216738501
537db04fbbaa2bddc4fbb680cb9b10fc226709827b02233ccc9a5127332fd7c4,0.00829562758754264
a18bc6484d6dea76411aed24f9b94790f5f990a16ffceaf4a2fa9b2d81e14310,0.003920747375788748
8841419781118cbfd94a34c7a061623195615582d8eda91f7af8dbe6442110ef,0.0010762641776828387
4cf2141914054e9623011ecfea7b62fcf8d3ba94a825512de3444f0897cae392,0.009686680893431625
5fbcdd4d10bcd0747a287d3b9b54f616171111e37def25077e3cceb4786f468d,0.002274526193416247
fe8e6d1092c0926d54d5a5aab6d6d8942c0925312e39c88d1177a490b4e74a86,0.0109524601616407
75a6a0fee2bf767d62ed4517bb100b4aa8c10da2d6d7b85878ce6ee4aba9ad51,0.0021995078527158223
1c786dcb18dba07f986b664512b554f089091625835cacfb1cfb7bf3077e1097,0.0028361411331479405
81d59991505942c91533ef060e67f66c774dfb0415bdb0ee350f4b96ff21b750,0.0023564434400005505
6f841c3ac2b2c12d8a23cb76f0fb8feca702d9c9d4d55f6030262460c0acfb68,0.008505727290537364
368c8d09b5c242a7e17aa854f76f23cad6c8a5e438708d7733e3f483d7c5d5df,0.003965232754037291
77b27e29a4c10eb00b4322e799b28d394eca67483a3d94ef868c1954a03bfe5d,0.006167349359731271
ad7457213e0a9b7711e61da87bdfac1b47663e75d42408e7927f282e14c9d3f2,0.004261916992276049
de4c66ceb871b2e03ae74e6e24363b1b1be1c1ebd19a519fda947b5f18a61dae,0.004155616335974679
bc133b75dbecef405c205f75e69a1e920fd0f957a04330c3dd1329a38493398b,0.03343646713895588
cf94ee940956387358c23ed372b0e569042f79102677185ee6bed3caf8c7559e,0.005552096530555838
eeac272824550a97151e40388eff7e88018a38270d054d63f5cb1a1970e33133,0.004040749880448683
53b353b077f8edcea025903399afeefeb73c91d078a968ba7bbab254b4985f78,0.0077176806745507505
80a7f156a79875e8f24c1990c519aa51954a72fb0c89285332e9116630334974,0.005927136197363528
c6a811f9d960f9b8613ad6f524bbd5a756c040c8bba1f500975655200fd3476d,0.00815653814237793
cd91b8b02a6da0df81e31572d53082502a4b393b16e4f5c87e1d91e95e761842,0.014516051184551477
ccc38fd490a8a71a619c6d37f92258217ee2a198d8835ce8cdfe787e4ea43039,0.0017499031155529903
9c892927407df44a2a9fb708c7b2b251db2c377b31a77682e80225ec00be42df,0.002008219551585675
d0e3cd94dabfb452121fac1158d4e168bdf48fc13a9ab80798b60903bb229ac4,0.004777580109605265
9bcbe75d0d7565cdf67e1ae17345b82a7ee9a3b057111100d158a2818a839b01,0.006985436560658184
9657491726a762e16aec2790e2a1675a120b0f81f4d9177333f19e86aa576bb8,0.0032451369824363723
c01ea3ff700b9f69ba659eab2cc47c540f3218b2a0dcf4b96143fa42408329df,0.001722105806137279
7eda61be23bc9b6d63653df8f7cf1cad8005a066a89ed8a5a74428b59df511cd,0.002116432092102486
fb711031a57308d873d6a2271e6bf2a1472433c8a99a1e46dbf3620c5b001ef3,0.0036605307222919046
c5a606f3a70ed827f651dd1f2d101568360088a39c163acc783ac2a4a172f895,0.003029516039373991
5d36826d2d91804039de71361804fd7f5ba801f582745e01a9c2c69d01b85cf3,0.00680393984538619
7cf0d89e041186066db524b5c23b1103cad3606d9438641b6106f88731db7128,0.0011346547256040058
7675d66b5fb2922f836ab38cec0fb4bd46e92ba6e4ddbd05ec3f8f3e56a9cffc,0.004734304586534675
68c9b6bc32899410469a49f412b34689baede28a8033f15fd3b9eb5126aca98b,0.0031236854726677406
f1327fc46a695be2b477557ce30bbbecd69480a5852459d10adbfce61687ce0d,0.0034703998614305613
c874b97324c6ddf0fb50c41e0db9999a58caa7f5e1aea83c383d3e1db8417e60,0.004541876304202371
28df7a9d7b090e58b070d250082f42a4600c952bf3e50088ef54cc248a35dd31,0.006582316771671495
737152c0689820ded08cb42da5beac83e738a2bef072aa85f6fa9e18782d7117,0.006210719038762736
a221680f92f0782c9249387ac3af4ecb5e72279761e2177c004617f77024402c,0.00453035564364952
83fe1190eebf28c71f720bb9331e47392ecd9f6bed0d06ab6e13f91c7b8f2349,0.002327194934172745
0acac1c4b71aa3fb33889a225126f25214e7cf37601d4a6f456fdc01370aa4bf,0.0032955859796343257
77be355753be19c72e74dd32804de5a31ee75c07990d104a18ffa59bae209ab3,0.007241648233111523
9d97dcab75b96b4f75ece757fd06cc2ef6d48d1bcf8e0031c3ca9c06f8bc4472,0.002345307001024297
7a130db019cb25341e24352eff3ed78a9029c447fa89a27dc7b35cd24a514ee1,0.0034996198052338018
eb66f15ee09e10ed6c47a1f06f8bc8d0c34a548973cb2860f7efde1c18c1a746,0.003988724392660556
30f11ff8d9ab3a40521aa184ede9113a355e207d0c594fe5e835de4bde268297,0.002627603179953235
a4f77a58babb537821ad61dd90f5f71fd6399dde464812c8dcb3f82a5dbfab52,0.005158261248728543
bc869540c5447ea3f7c650fe883ff8f55c54903040759048e2b91712e80ed0a4,0.004161456954376748
23f15ac541b3321e226456c07879b49c76b67451b76d32a41abc0b1d09a3ed10,0.005233774997254343
e0f9a128539e4d8d89e6083710433869d20e02583f67a052af93111be9b1679d,0.0027241012056736786
5b712d1d4255051ff92efb6ac2f7e1b967742e633f19587886d11c6ef4251894,0.0031602836998829613
06a46fd4c492eae2d233ae76f29c59daa7c9ed4db09d45d78f486868bc56e98b,0.0022336390934299243
bd244714b3723e017b4eeb1a8e56f051bcdb81286deb53fa0c5910d42c4e872b,0.004753551115374761
137a61189ec57853f2c78f399237bead6f68f234f359e72c8916e478bfa8f482,0.001511698952998007
a17e52a7948933a95e1450af8a33f1a2bd4dd99ed607b12190b8e55b95533c55,0.005157871501522826
587026a46f89f9319ec9d65c7b68d0dc7363380c2f258bd45f5c8c6a63f1e3d8,0.013149436382441527
c749ec6aafe7b0da59eaa493b0a6006b3b68f75905c716134c5676dd97d61d1b,0.002458414590431547
8af4bbf1333cd591200ce0169b209e19748c2b29b52f26cac4dd8a6ea38c355d,0.0066164077703286936
473fb2efc3acc77b180e682fe755075862efa8cb77d422d79d4f95273f22d93e,0.00816618370679841
6b12342c0959b8920802cae1647c9850ed4733c96735fa40dcb3c6a8f7c76305,0.009184374413864535
3415b899ee0faf36259ed27e257bffe0a16b08642e346639889580dd679290e8,0.0020290524576819543
8922ea88019d088ef94100799917be56fdd4ef036fd39a2950df0f460d8d5c0f,0.006953297310024388
69efa75f1fa23a253cadd22981c5db40974ed6c7c8bdc889537aa31cb1cf6df6,0.0024453691691480495
adb36b7afe41c8215b6a770562c7c6ef9ab61708fa30b7d933b53a19bb20c686,0.008230660829220936
00c3d74df8a14206d65bb05bd4e9cb5ca9079b918690a8aa4087440099b70767,0.005665330304467211
13dd14af22b960e194159e124b5e3d874503996f2195481ab40d2bd0da447e11,0.006148475813895171
92c97886b16e664a8268c93c6cef944d9fff04b37ea7eab3922c67647ace928d,0.00233137730584251
a61bda7e0e7750bcda3738b1fd0e1fe79fad8690c6ef585779093e4b2c870739,0.007470347623879738
5962f0eaacef2bb4fec2b813d9f997603ecb8aba9fa0f2732f34a1f625818691,0.006161184379902975
571ab75df47b33e99b0b8cf8659c9dc1c838b0a4b153b7a6a2c89d15505a2c18,0.0024278319386962783
59d64535ef2ecc56eb7cc19fa146555aaf791567f51bbf2401a67a08cdf5c41d,0.013174787132581488
2c080046fdd9223d02faf3928717f7f9685ac8c0e1daec96ce362bbf0b4b6264,0.008283935726635805
75f85d5c1a291f739921bd5d5513720e49918440f87c5b8e4a6050ec6c939a50,0.012060014247111641
d33a07842256d68de022d0f2fd4866375e75ee49a6b898a6165dc74c843888da,0.0019217623411524386
5b3b478f3af2fbf7051c3448acfef185058903a24630021d1d486187207d688f,0.0075411223953375925
dcc70d96faaa51bd902e31ae26898770b78d2caa7bba185a2347a908080a6b9b,0.004088543331337442
1ec284c4606352d164ecc442195260e34cbc1f3e8e942c4e36785e6bff200025,0.0059839857782709
97a99fa348d38441b37cb71940462d2d3e86781d8f16975f987e3208e377e4a0,0.006131026978597375
b8d6e5a982c847b4be4fb54f7a3b70e8d7474539e7c0aa5461ef56302a66ce92,0.007729021280475029
53b54a631d4face0999e0981bc1acb1cde751f7bef5599c22812569332fa7c0d,0.004233457236152565
221cd1153b204afcbdd6f7ad12afa6852fb42713b0e2051e9bd184baa02146bd,0.00669999009724316
9d0af37d16b333a7c008da7b2d71659f59d384c3f46beca9d03299758a4fd5b3,0.0027094045398018615
84b431dab02c47a14a00a9c5e1c48e326cb8791772b908911f38309030c5d1b6,0.0017322364152404601
a48e40c473097681b60fd4e03ebb9b0e52a245b92a19e1afe0f6f0b01b7d3899,0.0016315911014717593
222d8e91bb02b58f2eaf8c9b254b1957d8b606284ac44d52b117db6f962a25b2,0.03832208771897849
b5180f5bd69492ea1895683abeab66610bfcbdc5e3cec7abcfcda17480c54a28,0.004847283314725265
1375f512cdd3753501d6a3ead03ebb88037f38b1d4077ebbc3930717120bd619,0.0030210669360745688
61e4da2123b38f847058d464c1784031c852f5cc01dd16dfa1badfd960d1ba80,0.003669270967021463
bf69150194fbf9c902cfb388df1f64be33d927ed489f0a30ea91af2a72d41c78,0.006717003228631783
f06d46f5c36a581693203ff4b8c6445542f9d5c5b1b1dd7c8c135afade6e955c,0.015018683866958794
b6e52c8f1c2497d8c60fa9f29b417c895ea31fe4dbe5d13b88d494dd3fc94ea3,0.004544882709923334
a325e6ac36055db6fcf3800e77686da2bedf8b7292b818cf0cf37266fde365ca,0.0060561489762575365
09f8b61a1f1906879c383f94402051f173ba4a977f014194630e40bd999fb77a,0.006950214974496161
418d8f303651e319d87ed0a81fa8fcf8143365d46b90c09b3c30d8f472f443f1,0.0011854095117165943
0998884db53068b339adb95a798ae4f0321d8414e815d67074c4262437240ea5,0.0025831734880255525
6c914e28ccaea2034984de8350cd403112b1a776d3565bb41e032d7705aca4a8,0.005994189414526805
6d937f1a9421b789fc027e26095c9a9c56a1754af24f45ed7c44b43a0ac9263f,0.004765525113891013
3e76b07d9b02606315b88b1fb1c86df205d014d5e5bd7e2c971557c30c8fbfa0,0.0035129885533914827
a7d6a6164cc3173385b9264b9d9e19f76226c420ee55ca9b264daf489fadeae1,0.0019580305959382037
9a6779a442e8cf03d0ff97f58b57cfef78e67483c5a77c57f903ddcdda24e533,0.01298675517712401
4531fec37d31439bd1db8726dd5d67b3cc5eb2b2c98bba1e25e7e72761c62d8e,0.0016500406367053384
164929325e006f57e72a3d7e8bb58b6a0727a9943e49693271b6ff30c51bb8dd,0.008203036499921702
928e6171811fd7bfe9638976a724f020a4dfe286d554e186299564f10ddee59d,0.0025044734232382037
abe3bf2b3ac63f556c84698fbfeaaf161954ef75b7b787d383e91f56ac665ecf,0.00439677218647624
30f151ffab8d3563e195dcf0cc94a623197039a7298e84f50345d38f0a9cf1a5,0.0034300653164653083
cee81fce07be9122130aa5cb24c48db79ebca1d6656eac3d77ca9e14ee583bf8,0.0035291543201595305
145d6c48be47be202e5b56a5f333eb63071432df5c2b4b1946eec991ebb9b017,0.007619054019790652
e1c5fe39871844e1059612ab5538d74873e3e8624f0c89d0e0d78480e5d883c2,0.003411435485915479
bbb37033f1635d1e4bb7bb4b6237856b28b9b44880fe1a66d74d82b5aa84dfe4,0.008231417754244066
05dd37630a3290aeab6f9915f1a700ea65ab6d290e7a3a4a448acb58674b72ac,0.0024620629063411767
534bbbdeb4769abe7eb61a51a45315f8d2eb66833df502ac588c0fe5cb7ec463,0.0035900675670645908
2ebe12afa84e67376781e25cd3f6b878c2129b1aab96f3013c24a760715b833d,0.0058302721303284365
eb222487f8c85496dfab6108abcde302608a648abdf2fa77691c51164276c4cf,0.004252958145209875
fdb865136a471e0225331632a8f999746b14e343d1b2714165dfb4105eec557b,0.005309905331917779
ba8e8320e3f45fd1f3a832792414ae5ba6951eba09df543ac6e95d117ab42aab,0.005002974530426782
a12099cf61f2dd88d821bd4584bc654611bf3f3f736ad6763b05b1112ce98773,0.0021080580744620688
3cc201dc4b6b06dbc5e5602e23d0796514dc4f14611d08669b204ced0389fc5d,0.005051554222923565
b24b3d16c492217ed13a94db6a0b1914795fdedc375045523257eb105727a909,0.005070219361782364
828c10470581eb869cbca3e26d0cbeadc256c036d604f9c10574a15a6f43c9fa,0.008240606293408921
c3cf861258c1411fd3faa8838556cdded14fa942674c80f09a2db7c730cdd2c9,0.009425507304229086
cf08e91f718499a09bfcd5cdec3f7d9ee4b4e9c1ec5b4b9a9ada9c8681b7fe23,0.007452574116916795
02af7caef47e60fc5997e58f213339e07e8fc53915a13a5ea01e749e637c6790,0.004592583974890495
4f9f5b8f01c5353d93c1eb3e5a2657e1b6deb7c0fcf2ef32ff673df96dff9f2a,0.017057601074222373
e2ab68ac996213c62fad7900df6596c7abd132ea01111ae74eeef8259fa5586a,0.0068289043432792525
49c310f384501bc30ecccff6ecf0fcf92230d6d429ac6919c25cbf97866ba5e0,0.00752838544830746
64ee245f0d31b55c2f9e8ab7b7f475f317269a00d7db666813a97ffce065ba8c,0.006662279033546879
816a4a7e249cdce73b285c93f0d90952ca9615500127d8597e22977d7b828b58,0.004698577246761452
fcec7b2c29df4e6848512af59451bdea76a129d5a8e903b26efdad986557c503,0.00864537518531681
54dd6dc95241cfbb73c8346ae33f390ef2541c393425dfd09a990e6832ae7d71,0.003331147197004811
3d7475ab531870f78589ab4d9f6e3efdd2f18a670fd2bda8f6358cc7d490160b,0.0044882057067183595
92ebe25266c2883a96de8ec10b7181566b919ce621cf0d0fc64ce553a4f44f41,0.0052281321469048216
3d94c5d8bae6407a2e98e72bcb0c27520e665e12eb0aacd7e01b0ba5d7b7691c,0.0027699909272901843
7f2e852b3b3e67cbdab7fdb2f96acdd50577210b9313c87f3c9f61ea36e3eae3,0.0021544365194488034
7ebef129c0f58d10886d88392573764d3302fcc923f1bfa046e112ff453ac7b9,0.006786668337741514
eff477921909791f94f4d1cc9bdbf1b5aaa8de2b0eebfdb9b8b8a2504d389822,0.0030944975827456793
73ca843d344ffd82807abc281d0e573f7286a1ac32a4c5e613117ae93174338c,0.003689654192126694
fdcfa5f446e1dde85497bb50b063bffb65a759f22b75187705899991599321fd,0.00826965036800942
75f131a0a2526b08a953e90b61b91a353ff02d15913e3054e60ed0669474f287,0.0011610316381972566
b9c67c75cf71fbd70273a0b1a8d187d19db3b12d75141bb7a75fc83bf1bbf329,0.0037499017222536357
1d8c39798cd745a1df86b9a8e00817c7dd98e3011a4bb2e2a616b1f0c03c8dfd,0.006396164562495463
77f17fa525b5f6ae811911605ae115b3476dc99d7d37830b13798d6d130e6453,0.002941537257924556
b6546565532650af40f71f214178ca6d1938a176f158d540101111ab6f4b3448,0.0036009567496027217
642f6ff1215d2be90583f8b6a0deed6567bd97db4b45fa953dc4db19cce74719,0.004265174711247865
caadac7c9bcee27e81b52b25fb0c6ef0b2948f7179d77a00a762a0932d7e567e,0.004042698893821743
196d1c30314688cbfce0b2b212931f449b223380fa32d4561dabd9efe9831780,0.002747032053804473
e637d9944d087b6228f31fd72a4b0c829208703bbac9daf9e3c672157f2679da,0.0031783132230934355
3e828c739a9d72398670c6eadf0bb24aa4058a9402b257a9a8c32ac7096d050d,0.006662198474903255
134eca8243d2e907d899f557a70f3a10867492a8c66174a8137dde7ab7f80f8e,0.004582013476130201
7c5a6dade920d2664b97d52c1efb8167576cc416c98a4987fab20c5c105c2b1d,0.007202273352975697
725485539f6347e63a11ec589bff91eac18c03dde386b7109f8300a7c73ef282,0.006425048761546897
b82dc4c891331cafe54a106bf8bbeb38a3e8c3097bcc9ce68915bcd12353cec0,0.0029340142756024523
78319bac6fc7abf1850bb294fa1e0b7559244203fc0074c49cb911aceeb147a7,0.004744662476301688
214bf7c09bcae366d7c1edbc8e7bef1659f81fe3959ad485f3e936f69818de34,0.00354619053262218
2a4bbd5bc85696aa099997dc021d2009c98e247b5a82566c98eef7bb951f2345,0.0069777028365366435
bc63e56181794f18010196f52c4ec8cb58cabb2e3c72f9f84ae86ef159f71ce7,0.007077835892073832
1f04f721357f77069f6b8e8e1d4d9745b88d199edf4257fdec2944a790616643,0.006922608862049802
b05a5bb33baa62e9ade0d08aaa272b78c9fbd23c9cf5d377a11473200799c166,0.006630810664674922
f416052a538e7114ac9ce1e96651ad14673d1109cd312d6bf57a2ecf77c0692e,0.011379566159171304
743755f3b15b24e56c9eee9cc1f8c8589492929a5974733716d3f1cba842c095,0.002957945558071808
aa5109ad97b50f459b91c398becfe5eec0dd617f1154e11bef8dcadc27ad0023,0.0033505199042104944
6e9c362ccc44198c39f3959f924a8955e1d9b70ef802467a74b6932906cc0c1a,0.00827448407920842
398aa7e4bd5290c66835ec8561bb4049f12f892dd5d7b25c35f1221fcc15fbba,0.002193442457423097
4f9c9c78bdfdc1b2d3f3ba8fbe45d7df722e44572b7c546c32e9c641c4c49e9e,0.0009946914975327659
cc5bc85b3f538bb9ee168c5b13fa876fbdce013aef71359ca59bc382a5005251,0.004070131979534539
74cec61ea96fe1ab40bf2f4fd5902e92997867357099f91af5e49a0f13a71cf1,0.0015378081232872661
0482c31ee8a5d6ce99168739551aa42df0b07c52f957ba6888acb40567b003c1,0.0023179568557465825
af08ae0f7a9a3c087d718a302a1529aeca58f860e762fa3697666da56907888f,0.006341836984772471
cdc9fda17ee73f9fb96b77bf4b66260496e790af63656a8b915424c0fff4ef9b,0.016071268027119133
fe6f49cd8943c19b9b545db00aac26f849a2bb283178ba9b7e3732a87649baea,0.01782281036930082
a73ebf00e5ef6627515a70eb73077c8967a1f6db063ef37d74c4cfc62d133fa1,0.0049476373299810455
bcf9d9e2246b9909b43f4a1991b524c7705b5a0ed20a461d1827cb3d89ac13e3,0.0053370414413865044
87c8212731285e4073e107be850001ff67bdae99e0d094a70f4a44bd53672c83,0.005589229330227627
3312cfe17315ea1829a00128cf39ac10723a3f7cfc908937fb5695fccf7c4a60,0.0034363713718912007
9f3775362f304e311f3ee9111b700fc14f724c04fcd35a89018b5717a93c2848,0.0037180343558625402
9e74a2f51aa96d8f8db58f6b7a6bb07603c1a8e6caaa80633c51f28849a578b6,0.0068028628336977435
d187b58a26a7f09f6335d204daf848db97011d9d8911fe77199d692275495fe0,0.008253967361131697
c7754b928b69851c7c3553543bfe01248d5897513ff6875603603cc39a138e3c,0.0019617630964049878
b6cc44eccea38eb2e93f4601d4c310d744b8b44133b2c44201dd85d20b5b8d80,0.003320295192796812
fdaedf8ab7824ec8faa32437710cf31bb266f1c23e75e63efeb0fdc1a34b0dab,0.0025372411684624705
355c5dae06e9468ecedbfe7f38ace4b1cba756f7e498732ddac2ddbd9724c185,0.005850273809451224
6d0b1e9c6f674059a514572602d45e6e221d5b00f2b79040c81b1a437a2a64fc,0.00335556034085351
d6f11ccf542ef0cf2925f16f88cb64b88bd78683c6cd29c8174bbd59ad92e8bc,0.028025769215785108
d31f3100183800ea6c2d64d760c7843e53a6dfa205caccbefb93da45791294e1,0.002749782928621041
39cffe8b8f00945a6e613af181f4d6716ed6f0f18fdd12ac9969a85912247cc5,0.007344008360026307
07b1cee8ff10e0f7cd516af2f996cf23c59d119d2e692864bade7545f4da74f6,0.006562694957917477
b69446001f4a315463f3ce896ff0264c5edb97f82d826c763e6f10b3af6f0551,0.003034061622829681
d699692363fa603934054c1ddd78bb03af72588969fd873f1703a6646ffc803e,0.0078309380064028
eecd9ef44dae8c7f8bee9cee55d36ffd8d95a7dcb1dc110a992a46999c7a04e5,0.006305701378254863
50071322d4b562c9676744ac23a6c8e3bf38d8752e8f30835de4c3863b579247,0.006632656793524406
3db2ea00f06daa852f781f03090c97b0f41d38bf6bebb7e532e0e47d81e1ff2d,0.004962935045593905
b887ba57e05bed3f195127cf43e45eb8d0bf19dd6963a13548d24bda100b8ab5,0.002414495879745278
f958d015ab8495c25b98a6fab3f9f7115d66524422c2d4ae703989f42e08d05f,0.007113211867667245
e5d36646c0bec5cfc0364a944df88cf029dac85a7861b9be3c0da9e6576f6789,0.008134858175060655
c7364ca6d784e3735a2c80ad75abf0067582b49769a17ee25787e2b5154bf997,0.005690944789196956
df8eb29a0f9f29a5c83c2a54541e67dae10a2ea286cb6d5154604c4fdb3d3dd6,0.0014833965688226844
4739a0d9121a8db1387c86a1e4a5186e9bc084dc60de1c3fd276ac1ce9c0ef09,0.0058329753841917025
bfa17664b931da6bb77650267ac0d6ef908f4e94f30a01ebbf0007cbbdf66803,0.0025957035400948174
b35a9cccf9b205c5e4868d9f1f0093cc776630aac3294227b6ac6eb8ac0faf00,0.0435274330060112
e5d35290cc89882c59151f7d9df38adf804439292a8f7fe8fc9617bedac75de5,0.0047924327208971945
e03c678705faa41b6f329cd8379668881962af61674d22d064756cad57e25687,0.004069622696421867
b6c7a9a04566b663c44ab87ddfc1593770f4380d154fa269ecaffd166b44321c,0.006766563666085092
b98b2451bfc0865629e7cde442faeb377e66042b889c8080e872e5ac586bf2e2,0.008017743909236095
c0f3c230da2aef72ae2981e4ba454740fdf9c9044e14ee81f0094b1c307cc689,0.006086553301407601
397da1e1ac85b07884a19448818611925c034b33878c558d60336473c6a5fbd6,0.004377607227487274
1aa1c99761418f7e7657ba07b4ee9305950d4ce14d216f866f8f3da0d3e61738,0.002403023160067541
b9cb98bb9ff881840bbb76350d7d4c42cd849b9a227c36d361326cb7c877a73c,0.003001341503485783
a1f68459110854e325684c73c10f6d0a43eb591cc2d88027ccdb7bde48427abc,0.0035447882470999947
4ea0514de69d09e46136d6269bff3a598a98b0621bcf14c986d915963ab851d7,0.00823620710586845
c81ce01e0c549e652a487634344099c54c3d9e0cbed52eba2444e41e05093594,0.002876788734720743
77d40a4cec49ae55c79260d9e7c0afab7efc0add96b2696c605bd8c00f395d76,0.007508253360766786
517334e0ebfe6e1059018689332c896dfec0f4dbaa259e79a9496eb7e75ec286,0.0026654434727057374
0b59037bc2935a11f13b4d4b93bb13fa44aec7358ba970cae869be43f0e1a317,0.0025151898297976066
4ef8052fb3627c01fd2b31176ebfaa50732b706b120290737b424b4b69d296d1,0.007271788875466108
ba1b1f9f2423f43cd8e5b0ebfe1ba387585619c455c13d5416464997a77d9294,0.004424298749903417
25e9af12c06293dc3a6b0265fb220f5bbc77c6445e2ab76690bf4c420027170b,0.0020680566139298106
4026cebe5f8405008a21615572202a6c6f9072d7ad13fea173ab4c2cbf6a1251,0.005471540833947333
413d36a60aa000cf8e4fb1a24013f9a6b9faa5b1b879d24b5577b393ffe9c02d,0.005139747718503422
fbd05e414ec2ed6c3eb1e178ecb52f0d9cb83e24132a003443e729da06cb7925,0.005640305550993562
1a027f1ef421a57232f5c8604814f72d1bad476f2fe8aa9b176fdd07c4428474,0.0051482453408845524
60f38035aed0cf96b3e0afb7d2c46bffdd8003b661839a9af407d9ee31e9034e,0.0030346864371451118
7f4db6b037617bfee32e79454c0d4525ebd0268c6bbc32bdcf087f5835504545,0.0036042925841723895
b7c8dfc797412c47edfa692d02fac77f60cd0f8db0ae07869ec50e684299a723,0.0065551775179435515
a1ad50d241389f4801df9372c3c244b29699f50a0704e4cd400956e9a1b92e3a,0.0039732351908696025
b062793b7fe4f4b14fd59eb5c92a6cb0d60a9114f7c225f197891b853b129e63,0.01898917229653353
9d11735e1163e4731b653820773659852345a738a367268dbac645881fadf668,0.016608619908194133
282293a39a160306813ac0c8525c5e71920d0b6ea99bad72451d4b1dc877dcca,0.004867041136646699
0ac7733860efe4e1de1d78db22fbfca06bb7023f2682dff3ae8f94e4a44458f1,0.007876424200858746
450ba260a5f0cc4e9ff6a9776443ac51208a2294f6b045ff31856a34d6656bf1,0.0030102504979278772
10ab7e4d21add41bf3cad306f468114d79adf849ff18648652eddb9aad445d35,0.004631918901106405
cbb2f0d2ceb6379a4e2305d9e1ab283f24447d4c634672c068ab5fedfeef135c,0.0035443736509517326
d2e0364ffcc3972545dc73b326434b8437c6050756a75e1b036449490b441849,0.05026579900060314
725fbfd5eddc5208b9d986c18166358ab57434bcaf657f3bd8bf78709b64fba8,0.008249737134404498
cd86fc99226eb8bfad6e228ade6060b26490d675721409d763ea9753c58c8888,0.0036559815915756123
e158d77ec7b6118adbf7412d4e2ab4ca38a6975f952f4d87ff4327283eaee54c,0.008220825630947943
3d6cb85defd0c8d379481422fccbdf612257bf4a664b55f0c2f81099729b4775,0.006479152995521629
d281bbb008c34dfea734ac14a3141f0c27d62fe626f63afe157e1e5efbb32141,0.005838700080866747
344690a1d6abb6470ad8d9e1ddfe585dd2a5aa08770140a17f33e95078b0d778,0.003967948389769162
83f82a4568ed6a58f76ac207d17549491ed99fb78c09ec3e8389743f27b635f7,0.00498995951444539
bbdb7c9d3de87f86f998e2a3c9e56fa2d5af3b6f8cdef7c96cc73f5d3e6863f2,0.004108201858669502
d49a12ab88f743d5b74614ef0a4d8a1fae6553db2ad663d6c9a447b1991219ae,0.003313078056810445
2256a2612e0109ba93c717159caf457a426722380c37c6f2d36fb4757eb015f2,0.006864325089181539
4750060e3f7775e827387dd7dd18c594e98cb20c83ed0511161106d223ee2bba,0.0017489375105503393
09b8664452fd18961cfd08173bc447685bc793724218581c3f2f71d1a8b8baca,0.0038549310924258003
8b5c180c38a2c51cd194310469b96a79ec039aca994e9b4ab50f1aa6c5593ead,0.006830701201760834
e5291f65f585d2158fe60c7c6de4c6d9041f64ee857a025a63e061bb89b83c01,0.007438375497833986
0fcd2a06907da89ba8efa36246d1e2524c381c1e98a3a0662f50449b4e35f672,0.005148674843344699
ad8d50715c1d1016ab550436342e3c4bf148310d8f81fa2ab9f1a83de7697f51,0.002589945877684477
5fcf84dbad11c8eb548cccf89bc4fa38c1b5544b73a7113bd8593b86631ceba7,0.004224219599705418
678a966d0bf499ad8000215446bab911166e5313a2d33a7917167b10757a8679,0.00468022567334411
d3c6892d11ccbfe8ac33ae440f2b11b54641348c48c08293981b1a933bd41bda,0.002345897031976783
68e6e4e318d1edd3999f971ce51d44901272c144dc458cd234b60e38aa2dd388,0.0070559528244867765
9672248991fe85b294e4f21ac2d6e9304622976f8d0f68c524392602d865681c,0.006577256686258882
fc821d362689e3b16313525310f601841f97f5f3e8509e0fba4b01fd6762772c,0.004738138693394533
51f6001af6d191e5960bc989d78acc992b642047962ee6baa2c1500b6f4fed14,0.0017613379234861378
36e78fb73f12028f8859df621fe3c40a7bca41a556c5aebe3eb4552b849b869f,0.008648769042486876
816ca53b08a2bb28b4e92904a66bf9beef5373a0242c9b6cd95c37fb067848d1,0.004059937527995066
ce6d907063b921d802ee94ed61601122b0c8e7fb316e607668f6dc204e255081,0.0026258265785349885
05310815c32c89acb2ff920ec1cb517228cb20b99be4701f60b8c7a1ffa2fe97,0.0020327503302919035
6355a1027ca5575a2bd040d655845b943aefca53c67999ed69b8e66bfc58ee1f,0.0072291158244981064
1ab5ff5467c213c6eb6aa9dfe3b511bbe3d26a07e3473e0f0284bb07df25517f,0.008396001475594743
d8f10f6de40a3343f8e2b64fd97550614a1f85bceaab751785541a8324c7cafe,0.0020672831271928583
05e7df9a806ff1d83b96c1ca68c4d50437d1aacc072bad179c55140e17a45d2f,0.007690615610159482
7b8e1a725710432ddc5f875bcc3f16ee9b608f35784341573e55dec09db86ee0,0.00671522846111481
095e40aca9d08f0b9c0a00189484a22f66b84453b7cae34c94df2391cdfc186c,0.004734248905075011
03e102ff4e9623f3225a553986d951ebe7e104fde213d542be270860775d13d3,0.0042862962090414
2bbd0535a0c37632eac9192e144de2111a64d3fc3c5d20cfa563f850aaefd2c0,0.004693479246084395
afc18fdd6ed5ddfc07035c3aa86925d0663e7dc6a19763b0c3e11e8339f9f2aa,0.009551457207345166
5684b8f87c39faf3c6c7874a0b150ba3e242e3d33719acbb286047dbffac9e96,0.005545543248422632
919c6634ddcdf47d57c55719e9e6eb05f92a9e870f9c0b03872a8a8e481b9216,0.005632922990572028
9afe911bb993e02d8e2214c40410c247c0ab4034009b513bc01a888f76c541ad,0.008039057313488236
11e341e90f5d59d61c4dc5dc55da9c85cae611c394f1da3bb1bf5a6125d70ce3,0.003970694590294672
e881a8b3bc3f5971a34b8bb2c5505c3c75cb2ca2a09f284460dd46254c4a7b2f,0.008775496074644385
3c6ccc131c2d821aafcf03fd1d8770cf38c9740ead54db2f3e1c786d17c5d800,0.0068984586688412486
ccba5c8a28cb7d97a6a6283187a29352e089b24759d74c31dc0903171a27e229,0.003169424842830644
fbd3ac5c3e04e72c4a0c4ff886fcc7ec12e1657b11a8afbd8d95c2bc89449771,0.006091433093244636
9910aed31ab97123c28e78103e80518fdcb789022e58aca790a1f25224d2b8b6,0.003096092378952526
dae28bb9fead9843f034921fe39e8d1af34bfa430902425ba1d441ff1ad171bd,0.004744937197852041
74aa860d3495481c61d64a62485ea37b9baf7b357b01433a6f6ed0c3a2f94a75,0.005688352989001338
00c453e4f1103f6ed9e99305c86b31521960102efad02a52007b84764d2450f7,0.0051849072236866975
a59cb136e8c15ffaf47861508c6ad5c3dfe1758e43e9429000def20eb5d45e3b,0.0023102316297258937
46182b04e9f2c67bc8feb07f72eefbe0bfbdc2248a912083d0d0f8da6582e414,0.004974125808370043
0e7d997ee4c63a05ef85b81cc718e3d54a947f116d3229baa264e1de0517e805,0.002312794110338424
daae70bccc60202597e7a6e65bf51004825900ba6efc4944e93390a849970fcc,0.005523021413125603
54e783c599e38744552a810830255af8fbe8a6bac55f6571721f13b27e15a1b7,0.003375581953576274
981b87b9f9de80f00c07218a082bd9d2534f6c52f3bad38b43ff10e28ad9c72f,0.0066674106380166555
7b7c082e3b581e0b0ead144a8fabc90b2f1800fc52819d21e9950c5140b6e0f7,0.004624358952628897
75ca5b10b81b393f8763eb9e8daccc2eae04fb65cb044439f417e13b7094a322,0.004740026499552577
66e9a95a39e55ef8e65ff2fc087db5f861c306a219d1b99f949c7d98b876e7ed,0.00880883790921631
31901b27e1b2d59bf54d5f6595874f96c3ae07c5f55f051e9dc9bd832b8671c7,0.0019154929756730376
ad4718836e12a55041dadef30c31b4092dffa32827b2b7d517056b24c34cd854,0.0041378693692716035
a32d192f30b986480e32405f656c7a62306dbfc732697d152f00243ba6be84ad,0.010191345661214357
2af5c789d9085b4b56f4c3096b30f0895d4906c53b373c5e9792d72f9df46842,0.0017100063832649853
240d6e21b9bf373c7bdb063e454175bd7920ef504cb372ec6c64ea7402b8984d,0.0067340678148062215
67cbe97973c5f9ce0f0750b3e7d7136a67345ceda248a45de1c266f78c3d73ac,0.0049337438427275926
7f451ba56b0e46060bc245bbbd3441be8cf28fbcee38991d214fdf9e4bd2f3c3,0.001970823799059253
43346a292c3db88ee2f6baf06801bc06bc3f85f50fdcbcb067f4607f069452af,0.007335190780729797
914655ee1744b15330304a2e2d392b319518e1f810f04e7bf9078c591202b3a1,0.011726680468858396
bfb9ab6e663f5ea3f53167d2c664e46f9f78221d1fb062c2bad8711c30d34463,0.005810267432216701
4189bac1fa4f8d9e8035378639447d3c6311a9ab838c8b3a24f6726978982f27,0.008239184596154237
299d0d04b3e10f6b97e1bbafc1517e1cab3a42dd159f21b5d702dde73972107e,0.004900791151582515
7db416889ef6165fe7fd10f1a788bd8e2fa519a547d84c482d75a5549efb94df,0.008149472872414004
ce071fc9efd7b1b5bf64bd3d54f7a2bedf12e4d33673d7c89985cdf1fc11710a,0.0021796240523694363
a5bfca5be40b36c6ba0a4306a4110ba15daa5290cccffa4aef321ee11243454f,0.005394659234284559
1866503f3008af3a43fa8e87f8708d496a42a2a5ed9f0bed0bb779c16e17749f,0.0020130514936065945
07472607cffd84e93b0036c4777aa54fee70f59c15b138d11102fb21cdc51a53,0.006060586359026278
76dcbbf065a1fa0ae1696bb7727bad7f59368a1630f13774dd5aa9f48863243a,0.0046544766888733415
ad76c70b43b42536ab85dd51d9581ed4276f496783bd6b0f72f0b58c292429aa,0.0056458710400112385
3b8072bc1fac9e9b6f72753faf4ad87c0e7adba3245eeafd8b02476c8c1b4c8b,0.003518798208545243
d7433a98cdca1d256d9dc14ff1d1bc2a9943bf9f5958503cd25d9096430ad5b9,0.00683709123427911
b73093dad36558cb734f7badbd46aefa7a65b9e4f66e25e33884f61c1b4562c7,0.0016694110853711834
92085542ca04022022bfc99bd735a251c3fdafe774576e02c8693162299c6639,0.0018103298313706174
1e0b426ecdd2c4449c483275191edbf98d563a3c7a09bcfd1c233781cfefffe1,0.003611028417263198
0a3fb378fba3245dea4b578a498836d9ef3711259602e0c1448fa887ad78abba,0.008049509014377832
d40324f2d66acde833268ad1cf617e8a54d34b60578b5a7f9f48b1748d043333,0.007520543361832127
049cb37cb609a980b6b07b5ec349c9967a6758d6a9052d734c534099fe0d8074,0.0105308265564649
2a7bd000df05718076209ae73ea91e2eba16c508ce68c19d31d501d98c3230b3,0.0017068475487106594
0783d7bfc62e5ad9ec71ca1358e51ae2e621929460762e5e9fc74990eb9710de,0.008973472994052692
b5ea0eaa5959c29de67c77a0f75c7dbcd8496c370b2fdeaba0473b48c4402ba3,0.0026688493757156865
6c2977bd30d36bb340cfc8a47dc1a114fe702547f8f8bf588aa2cf477e55dc2d,0.0058899097238596715
f637c39b9355fa4d900b056dc0b9ca3560ff41d583bfe815a7fdc28b3d683e03,0.008037466872730097
095d15abb75d19f6ad01ae4b5ee4337016824564255bc0c83ff3afb6b9115a98,0.007589014960824036
98c3b72f3a555ce747577cfb82f251c3c3a5d2964198148e75a76fa1f92c2d5d,0.002725914816891014
0560f55ee2e8659c098a3a828445f0e0c34a61638314717ebdf54636e37b7366,0.0038234902265471315
adc89b55982652e6db3a01417380c8ed9eb1cfaba1624d9bd2d5e48399c888b8,0.0035294637993993835
69c74d204da8fd2ee96037fc6f582d296960b8b8e5d4624f5accce0e0f87a348,0.00391552620497703
2e0d4348447db6a9a7a967a14b2bbc49471d25c22d7497733723ea0d6fc1ecd0,0.008229964070877815
37989a3b0f4209b9a7b710678071232ce4dac4e7daa5b3d89d0d0f9c50250b46,0.0037059414624449312
cf884d4d6d0efdc935cdbed81ac64ec50af3c7a64e11c0b5f64bf2f7d4bed944,0.0063764687535910105
936b62d32147328d6a072bb39df0982e05484e7cf175ee2d02be2970aa3954fd,0.0018307465123092693
0b091475fd9ac2ff5410dd9678d8e8798eaba6859f806076d508df9d8d25e280,0.002824060439205739
c1550dd97ae241aed73deb5cde8c548503b084e76af3ce26a6301850b7a4b5ad,0.005715518656470045
2aba34cf4c105eb1c91104fd52d4fa887afddd580dde6cc5c9f3f15db798c1aa,0.0022598959721871702
7dc880879044d00bcac2e5556f94a2424970387c690275686742e1da71011808,0.0027990884595647737
935d8f17eec630685b14c83c8e9d34e1a3bd50272bea58946d36a153eaca2334,0.00412031246360414
93b24c297637b28b530a5e7a198ec90916fa0680ed201c520629421ee96b5a31,0.0060080148961503925
13097482d49f8bfa46df559d770c6d70bc92e5a34364179f8f84c431b55fb450,0.002655007569692813
0b85d10a1b7f5ca22830f5536b91e7e1dcf77d4e8ede33599b61bf3f5ac5b2e8,0.003238702274458368
7ff56da53e5b5b7864e4ef673f87b4a55fe588401e7cbb643aec44f30b202997,0.006615142427504337
5993cf7f776a369084859aa475837747bef12980c6c32f0b679935d4588aaf0e,0.003843533298009853
c62180d64631e57c0bd7914fadbfb4c6c41fed1329894403aca7a056ef9a2b3d,0.0016492042551062383
7556d4beabbb171f1f091830586fbc377603ff9a5488c70ec3673b6cd7fc34ba,0.007293839670049385
243baff560c12f151831db32fefeafc6854d1c50fed2cbf79df0c0fdc5024ebf,0.004448578544131042
5542ead08ca95e26e54ca95b02a7d49a66133dc6b66e59417cb6b00d70765df0,0.0037929990507416813
9f96b1b2acdbec1074aa6da1ab68e0d67b1dcdface95d4c3687b447db345705f,0.008755038823648443
30d23630101cf6dc975efde90d6698c98a3d218ebdf1c6bceff3c7372c00bd5f,0.0018111435099457637
1ce8a2f464e08f49ec03a200007f66d3ef96d2ac999f412592ba5c4b3293a6fa,0.005042739476198294
fd79861c907a1ab1648bcd0bac393a5bbe039a28c08762ee61177bc9a28a0687,0.005900746681073425
c85651098661dc868ae354ec6e6ec38cfbb2df597d65acb5a157d26cec84bfd3,0.004697458965607962
73fe711d3aa733e4fb8efedc20f0ad92a4bfd0099f6ec647ea572c184d3d03d7,0.004682638169347634
3577b7cd5d407e433ff4abaf030b42d37f58326cb2394db33277cca0a2697646,0.008603077138739078
d2d74d264fd49277271f4d838a666b65a08ead6dcf4c6993154e66235865dddd,0.004590912284551704
ac4715e7d402029ceda5bfcc3191a8bb00bf552a6f2fa7c218af63f3a6284ce7,0.015142925281363085
c67e492bef7a4e85930d5845cb65922b24940b5f0483293988e489577f38c2a7,0.007575238785185917
cce880957f83f0a579d1c0aad2cd674a3c470c1e5a40805358a204ad2009a0af,0.007684161594581194
e973621f36260cceb9505ac14e881177eba0300a20d6eb52c62d70030e999a2c,0.008269686856202635
7d4d11511903bf52dd431591166f3bad0b5ca1d9a265bc7b3a7c7968f1b89dad,0.0043666972146272996
49bf1dad1fe154b4591221f0f53f6ff862d6c4452a58fb59e94d3b967ef18d45,0.003491974779647106
f3a6f267b8e87943fd1537e54e432b8a8472401bafae706dec9c2961772f8b78,0.0044740701880331595
5501b4455ac3784488f8b7e8876e389d99fe552591412f83c81fdfd94ff33b0e,0.006561456010823682
1d19172f5d4fff04ed337e5f55e6128882b0376fad9b024b12d77c647cf3963a,0.0023331715371525076
b98e26bbf92e27f2e278a5df51b37e60a27e33f84994d0fef6e37581e9cf282b,0.001152842682047749
0ed9c7b6012717c7c0dd0acd9b3a3db0f051a6aeea25201aa5937a960b1ec028,0.0026354880313704354
7016566d281cb173b7fac5941f78cee704e486d0303905b16002a4440c3c46ac,0.004646100815572444
ec372d941686bece3f8e497affdb82333f03acb6877fb5fbb0f50498605398cf,0.004898509688716054
18f7bd006d49e7612453261a8fe2f26d94fa3f7dbaf6681432546abaf5082d9b,0.002750056894152815
a65b4a2977a0dc507f3687e6bf20a5289af5e629ac3b8fed3de7f7b29f859658,0.007750618241649415
d701f093b0f206e2828e351255c7fb3bf8795419a63c4f20d9cd57d4e92445f6,0.004175426826388444
61409437a9f0aac14b2a07b5b734ba08cd367074a1d7dbcde2456e5ec60924c8,0.007860958340762543
c9ecf74e6396fd60737792a85d8f991f7ff43aaba6345e069adb67dbf441260b,0.00738445071918996
fef8958798e468dea003f3727f100eae12aaad0f53e66823c336dd8685ffcde7,0.00790109287836054
04cca51a2c605a961a2fc5de86896ade4a399dba4ee53fd244e91bb054277b90,0.008207588456190134
099a2c3ee0a33d56df5da70f33b80bf98236aabd75e1eca8210f4846c5a0f906,0.0052010990898879225
5eb6f9e0eb35cb8fae6e7caaeb71a696908455978a0a51c373a212544c457e72,0.00472353093202336
051279acc15fd44e0f9bbe9dd9f7f1ca5e103166f273e605a511761d035fb7c1,0.003638261256041226
3903516065f20f6be792898155e86ebefbae7d2bd43ee211d10440ef63104966,0.004102424251978095
0010e4ec2a83066bb191fece53eeeafd3ed0fefc1f65a89e3a070520a6400d29,0.008238954971361316
3227670c29250831c8a73f0e0bd1ac6b207a51240ba0beb87f1af398a430155d,0.0022372698632635714
579d4596599a0ad3144dc7cf757609827e37e046947932b10febfbaac1b20739,0.0023606282668598468
52f968e97e625cd02c5adad8aa9909ce138673d463885944ab8d2ea8263dc94f,0.006686479834223284
edc1b388ef629d7645b6b2bf2412be7d22864ca05dae54a1ef2209a961547194,0.005867866746122884
a2abde818fb6dd2c94d02bdb9f05d75fc7f36d7468a5c0d017262139d22ad9a5,0.0041978715296233675
789e31d237bb913c7826d4a6bfa4879aef194c957794995dc744c867d8301986,0.0076930734777838124
076bfe5b9b235664061fad53fec7847de55f23ec6df01298faccd27db7246939,0.0025989903139773036
1bb404579ae6849a6f62391a8d890a8011b350f3adfc7499ae1a961d3defdeb8,0.0025180010586613056
091f3fc348f6920b1ec295f778d6a7ffd173679159c6871d03f45c170f62c1fb,0.0027978856008010417
3dd9c9c17457705a8f37b8a08267c95c2382456bd4eff6666b72466a5cfff124,0.007854840469685105
7b74731e7ef26489ad43bdd84954f3ebce2a4d2cee968d9873076a4c6671ed80,0.008207306089443579
b9d8743be536c803140b88ec544a1f4373940ae663ab4fb788d7524f4bd3155c,0.004264689295407827
eb8412720032823e9746dcc1175d3424afb00bd855a4d55f43a147c12c351d36,0.002861426703192953
8783d424437e2d641eb876c41fbd0e4baa933633df90ab5dfeb5d1cb6d20ea37,0.00921411462615832
32d55a175c7f2b168deca716f9b69076d6b023d6e771fa35d2f911d742b5d990,0.031333249385119416
fa50b517d852b5f54526dfc3f0492e93666d5e6ca2d28a1e96fc1a5b125b7b04,0.0032254426436230726
8380a0c32d20a4d6fff3678a784c1019c0c957adfe60053ee64147052588c804,0.0011024527059761524
aacc67cee6d7c3a8773a5d0e7b36e51b2056a78a8a32c904478cb5c3dff3f23f,0.0023250740740534677
a36737d25b8f740aa340622c277c5ab8d7cd372b6688301a31d131082904dc01,0.0021861632684920178
709d6d5090bdf0797ce45d8747bec53036c8aa44fcb6a3e719819a7357d65c11,0.00678091426395371
1977e1ef62cafdd99abba1941d109104658af841383a93d72d6e020dcc59f8d2,0.0052016461415190845
9a54e12f7eb5654fe3481876d9791a89b8d7c9cdd62bbb633c434c08ed4c718f,0.003772537698349439
19930bbfd6ee675df0b611d4f17174baa62c748579b43bf6a73b6fd47bec7709,0.0036787107101875775
baa76a181149d4d41b2aba024fc2a0e2f773923f0f8ba5bc35ec97c858e708b8,0.008219041020442389
8d2008fb3a2f82b3d646e31749bf9c7fbd3fa8f939f2f82e3aebfe0bee4576d3,0.003026838630908153
61716ff0fc3a3cb349e94eb58f1ebf4e655e3a8b81704fa4c0ce950a27f8135c,0.008233698094704025
07b62f9a1ecb62b74ccda8df2b982124436a5c8d26e5f84ee95651e43f3b5a84,0.006402239078049753
2721ad0c5c6d652d319609f435f37c2ef3d1e279f0f844bc525791deb3b70a9d,0.003383959968068309
e335de1a74b38a7643fab311b84ad0685c72474d651c33227225232a61f5348b,0.003664847341997157
e59936230a87a9f8e7644ea36271941cdeda96bce2fad97d86da3e073ecbe8e6,0.008340615938415943
df56640ea88964b29bbe83525af3327af2cee3e2996b34bd0beae434a5418078,0.0036484820328405785
3f98a070ce636eb643bda6bfbefb5d4010f59938ad68e55e93d6c01a1ae63c38,0.005724237637682036
b2a5683f2f04f8623355866bb5283685c6d0c9a735b2045c9cc73f678f8aebff,0.007721615054737155
62171e498abd62d7f1c0773ac305eb899fe8018feaadaac251587388567a881e,0.013017515476805025
cafef2423e7e0b8d25c0428066b4545bec194abe6ca1244148d5ce85fbca3bcf,0.0053424966180807614
dc9a77e97f83cbbbc35b94e4d24655f6f0c58f3258f9ef66b2892c07597c9772,0.005050931610957582
85005a45800f31722db180c01c6e56e8209d9877bb27953923e5a63c62cc0352,0.00587125574876925
a3786bfda18e4b2b8d198b61479141fa37cae00931215b4307ff95e0ec9b12b9,0.0017989093044686825
5784a627d252df3753dd1b20d2d049b991120b82e68d2c70044af4e333b53f3a,0.0031641562168084254
5399209351eff8ee1de41e4bc4882f43445794c76359ba600860f8a562643fb1,0.005372205760817879
244f0e2a27b5d985897d712af4d1789ce66ec43e9cb75379b8f407488eddab66,0.004252132350110897
1a2c727117e8650d589dfda68374a555841e8d282b76605a148208d84340dfb7,0.02452718143150858
a4a530c0020fdf06232f34256c7a852f661f46e36e7c251ec4dbe790de1d5aa6,0.00815075539763891
6ebdc7abae83ea6da34d04659edca0616fbb263fa1b37aec5724f49cc706f3eb,0.005061189325065511
844e05475196e689a0e2f38afeb9e23c65449479bb5b38dbf8720d1c35e05a6e,0.007366309122517347
5e5ce1a2daad9c1309a558a3d8aa865bc1f1f25b253effbf48aedb36b02834ce,0.004120382735612719
66924e380eb965e1b2cf61b857472c09f0933c2bfa2407d4a254983e351c7071,0.0017046115991847513
06a542600cab637c343a6fbeec4fd0547057dfb34a2e611abf2ba72f250c2b4c,0.004248176104635725
06f580eb5ca217c0b5362e59b30baeaa56d723cfb0e2bdc03c6cad492e7afab1,0.004026120761930876
cf91ddeac62c237337e8e9f10444f67c46e823170a59e0ac65c373922475433b,0.005692987002995473
becb5d22fecd7c069f98a2056b5e957acc9194f418d8957286551e62ced3cad2,0.007896757215097147
4ca2fdff66978761a714939b04e6e4e565ceeda9362cbd5ca05079648f08146b,0.0036423414138383576
de7664c9acef6adcbd8418c5a76f2221a91e66271c1403de9144a099668dc9b4,0.0068554268018525336
281b88c5d1bbb55c8ac3596f3ef5adb5ea9af3394888175746372705ab039205,0.006346494999034247
25a818f3f30e87dc12576f53a6f4754a6929b77181d4ce0472f759d2524948c8,0.002941270233990917
f38f97f567bc320286d03fb11b0a7d8892d22bc05492568da16474c27b51bfe6,0.010897434461171189
94db3389c9ed904c91e8351b6ea497edb358d7005da7d569fcb055a15988ef44,0.004518570607139613
6a06e8190e44dcea2d7d160168efb96bbfde80c4d2c294f71f9953577702f2fc,0.006415951169426487
fa4b85648e0ffc811aedbb9eaf8e6cc1f26d547e72be758d13c0ae89d92a7240,0.008217847088839368
4eee2d42af046524354b618bb9e991d950e876f6d7f07fc9b59102bd8b211561,0.04074353012159584
79b6865ba7ee707c765a79c287836fa2f321b2e0f0dddcd33f5431e4ca9c3f49,0.0055707695189521666
7d47d7b80f0e718651ba1eecb55da4a7cd69615d1111b4a92fba3db643b3db48,0.0029317432805863863
3e73574606649b2dc115e6aedb7dc83391c4d4c0cf8934dd8909fab9df18ad5c,0.003364918994207667
966275a05c99e9d0f620a7153d6bddab61ef9487be2a583e9cc2ee2f5365f043,0.008285787500313235
cc62ac832fed7e94151a3e88e71e417eaf4be6d6267b6b68993c8fa176bb0079,0.0035750455420886654
1da5f673aa9871c46683c7af68dd3035956b333c84e9334d4ba97f241f7c66ed,0.0019389252636069084
f2bf032b851c344f73ed3e543a1956ec81f4d32cb7e44e9392df3fbd2d87b69b,0.0023441613207408666
7fc29daf25a04a0c4f87b4c3cd4f85d00e27ecdd2c03000577024507322f663b,0.0055747617442825845
8214d9c0fb4df9f3a9b3287e0f59fb6d5c4639d16c31ac6e7621453516c878a5,0.005753473375311332
6ee09e51b6cdad73c05dbe26ae1bd0f8b22e26492f656bee8a3c749514852166,0.0037350269080101365
464928a4a060c62ed21a4d94bdfb1ab610650342a5044b1ebd72080f9ff5f776,0.004126685147818842
f261620340ba9dde4ba990044140d388b107c6357f81de6079c17de9492171b2,0.003908082279584528
4461f895bf9b877ff7599ebfddba5f72502b557651e49a3588da2d7ef0946de1,0.003469586153378155
6a51577e3697e6697312b29d841d94a59dd00f0e086615ebf352f424e0c66652,0.004498043915952797
fa315b84efaa7fd3accd28a6d0cf35129db5ae8084304c7fcae8b2cea100e68f,0.006145872511885729
bcbbfa8065414731ec8a4de509cfe5cb6c09f3a7337f5c2cac67d776428a196e,0.00305157354888065
09f0fd2f8d29380e50be28a1f2569a2e60a348ddca54bb12a32711a68e57fd01,0.005770539818539816
9707ea6999838f2cb67828f6fa95fff8aca0309ea8507bbac27bbb83f8175513,0.0050679787508960995
a6457995db2d0b81033c408e39e5aacfc5695c53806f16a02832e231d9fb6f1f,0.004427765874833371
b7173eb5da5723ae62ce69836779a30edb8e311bd99c780f80bcf8456085b94f,0.004242577598941853
7c7b459d1cf8916af58b0c57f1358c01c093670911f5ad5c86b426533301ec70,0.0033006943702051997
40899c5173126770618e4c5efda27a8f99cebbe9410e487c55728b530ee39ea7,0.008206680367657856
1275214e6304fead810853342d425654c226d92b8cf4fa88a780ea97cf5b4329,0.009184757860600846
202a53da8c33d522323fed726bcefdc796f533364612aa7d54e684717ca5ddae,0.004336569630365192
8ac89edf6e0c89763a9c263628ae30df34a64f286fa9a29dfdbc861245347df5,0.0033219044319791357
1e9c1d7c13aa3ef0e14c26f8d070b22ac31f4933797f3baee962c6d153ce2742,0.006378310853485632
19c6626439a57279642698e87b1745703b5a5c958f39ecbdbf45f76d0f955b16,0.005570460042682556
5263557f2d135edc15f77384dbbbb97956711182495536bce4e5c923f8395f01,0.00566246845077987
7194364abd0a66aa064cfbf57b3c0688cfedd015885b817613bc22639ecea723,0.023408929283135677
b89b3353b96e1b752eb40e8e5280b6e96f3d754165d21b7736669857cd242922,0.0028947160038681422
89053bdb703deb4cdc8e545f17f0424f69a024d7dee0b816992c74c359eeb597,0.008270338212595029
47d4578743cba43991d96f9aa2bd10b5ed957e495d97ad58b45625d51eb00310,0.007513987226922627
0e4596838f529e80e07f4eeb5c7c8bc086f10e046a262718b138fe493af12c82,0.0031557532757222045
47a7ebc343721deded284a01ec7f726aff4ba8db8409ba54d457da3f78e9e464,0.004262104116688617
4b70fb639ddb99030b05443f8877e89e48356f37d0f832d4d20e15524ffa83bd,0.0036309522824469987
505a282936999fd1b9fbb94490cde431b4157f6b896d539077aeb27bc4019b21,0.007035639120722606
abd4cd699d48932a8ce87ccaed538608426aec82463edf648ed5497ba861ca5e,0.0037497151700689063
99cdfcc7b7a88a932c0a8a78420997dc02df2ae518c7e44542d2ab0dede68c61,0.0016178259280623217
a6e0f48b26e6d4e54e64a92719f9c3097bd0b0d82dbb5893be8f49d43b5ca1da,0.0033274436003035293
4b3f5d43801c528a8eacac736fb7747a49159f49e3d3b56f3e3f02e646ee35ef,0.00568607425712548
3e0a4d92bd255edb9f710dcb5825290c40430653502e00df4bf964de9f167cfd,0.005326970968596374
faace2c8b18834fe052992f2d269f6383b04a2d778d07b90435ebf762a60cfa6,0.002324808657698423
12a824617ff89b319172e6a30d8136ad81dcd1c8b49a15a0e8abe7ddbd6339f9,0.003025939547832556
df1885b3c9c1780700dba1484d1b37942fe127be028d870b22260aac9c292e99,0.0063131330297966515
44bf9bd59676be1848957d3794aab68cc72b9db997f99d9de8d4d10d35e9ca52,0.003894501635278943
681c2a1977201066770ac95fc37c74023b0b1edf586023d0c7146bc452a93b9c,0.006884524647097217
5a1445fd2998510a2f6262e9baa3c42199fe213753083b6b0f6c538adcf843b2,0.008223166957746577
